{
  "n_games": 734,
  "model_avg_nll": 0.6513752144643017,
  "baseline_nlls": {
    "50_50_per_game_nll": 0.6931471805599453,
    "global_empirical_avg_nll": 0.689340999322348,
    "per_team_empirical_avg_nll": 0.8167891769748903
  },
  "best_params_used": {
    "mu": 1000.0,
    "sigma": 912.6431040699907,
    "beta": 1983.5164185750814,
    "tau": 8.020464186952038,
    "draw_probability": 0.42100173515870315
  },
  "auc_skilldiff": 0.6515018890509857,
  "logistic": {
    "coef": 1.6275743405196756,
    "intercept": -0.250523646291585,
    "se": 63.684041777682225
  },
  "top_teams_by_games": [
    [
      "Stud Finder",
      12,
      11
    ],
    [
      "Loose Screw",
      11,
      6
    ],
    [
      "Tool Belt",
      10,
      8
    ],
    [
      "Drill",
      9,
      2
    ],
    [
      "Gay Grimaces",
      8,
      3
    ],
    [
      "H2-Ho",
      8,
      7
    ],
    [
      "bratz",
      8,
      1
    ],
    [
      "Big Eggplant Energy",
      8,
      1
    ],
    [
      "Queermint",
      8,
      5
    ],
    [
      "QTs",
      8,
      5
    ],
    [
      "PATH to Poundtown",
      8,
      6
    ],
    [
      "Green Eggs and Sam",
      8,
      4
    ],
    [
      "Yolked & Choked",
      8,
      4
    ],
    [
      "Substantial Women",
      8,
      5
    ],
    [
      "Booooo Bs",
      7,
      3
    ],
    [
      "Limoncellhoes",
      7,
      3
    ],
    [
      "Coochie Monsters",
      7,
      5
    ],
    [
      "Idina Mintzels",
      7,
      2
    ],
    [
      "GAYtors",
      7,
      2
    ],
    [
      "S*xual Tealing",
      7,
      2
    ],
    [
      "C*Mquats",
      7,
      3
    ],
    [
      "Midnight Snack",
      7,
      4
    ],
    [
      "Royal Pain in the Ice",
      7,
      5
    ],
    [
      "Violetly Gay",
      7,
      3
    ],
    [
      "Cuntolina Panthers",
      7,
      5
    ],
    [
      "2 Girls 1 Train",
      7,
      4
    ],
    [
      "Dark Roast Doms",
      7,
      3
    ],
    [
      "Red for Filth",
      6,
      0
    ],
    [
      "The Grey Agenda",
      6,
      2
    ],
    [
      "Naughty Nympho Navy",
      6,
      0
    ]
  ]
}