{
  "datetime": "2025-12-09T06:31:29.888636+00:00",
  "chrono": {
    "bt_mov": {
      "best_value": 0.6342428518049888,
      "objective_metric": "nll",
      "params": {
        "display_center": 1000.0,
        "display_spread": 200.0,
        "lambda_reg": 0.11326723721696955,
        "nu": 0.0011158204328072137,
        "sigma": 2.2587356290153044
      },
      "mode_metrics": {
        "nll": 0.6342428518049888,
        "brier": 0.2230798893439155,
        "accuracy": 0.62555720653789,
        "games_scored": 673
      },
      "trial": 144,
      "trials": 200,
      "cross_mode_metrics": {
        "mean_nll": 0.6736618243157589,
        "mean_brier": 0.2411872862502572,
        "mean_accuracy": 0.5423652192395093,
        "teams_scored": 139
      }
    }
  },
  "new_team": {
    "bt_mov": {
      "best_value": 0.6708522433547084,
      "objective_metric": "mean_nll",
      "params": {
        "display_center": 1000.0,
        "display_spread": 200.0,
        "lambda_reg": 0.05966588582361511,
        "nu": 0.0010194216005519688,
        "sigma": 9.292413033124804
      },
      "mode_metrics": {
        "mean_nll": 0.6708522433547084,
        "mean_brier": 0.239776829730976,
        "mean_accuracy": 0.5493720014261476,
        "teams_scored": 139
      },
      "trial": 131,
      "trials": 200,
      "cross_mode_metrics": {
        "nll": 0.6381588991231322,
        "brier": 0.22443498045949545,
        "accuracy": 0.6210995542347697,
        "games_scored": 673
      }
    }
  }
}