{
  "mode": "chrono",
  "datetime": "2025-12-30T19:35:46.793549+00:00",
  "models": {
    "bt_uncert": {
      "best_value": 0.6893859020070009,
      "objective_metric": "nll",
      "params": {
        "sigma": 3.4449207906802766,
        "l2_lambda": 0.8992860401228783,
        "sigma_min": 0.4663455337076152,
        "alpha": 6.220410252866732,
        "c": 1.3839704500818382,
        "display_center": 1000.0,
        "display_spread": 200.0
      },
      "mode_metrics": {
        "nll": 0.6893859020070009,
        "brier": 0.24812019933550603,
        "accuracy": 0.6046176046176046,
        "games_scored": 693
      },
      "trial": 1,
      "trials": 2,
      "cross_mode_metrics": {
        "mean_nll": 0.6914233663130364,
        "mean_brier": 0.24913826610819936,
        "mean_accuracy": 0.5435234734553175,
        "teams_scored": 139
      }
    }
  }
}