{
  "mode": "chrono",
  "datetime": "2025-11-23T04:12:02.631798+00:00",
  "models": {
    "elo": {
      "best_value": 0.6433633721274383,
      "objective_metric": "nll",
      "params": {
        "initial_elo": 1000.0,
        "K": 453.92639881691434,
        "tournament_multiplier": 2.529495488697522
      },
      "mode_metrics": {
        "nll": 0.6433633721274383,
        "brier": 0.2270284434834248,
        "accuracy": 0.6067073170731707,
        "games_scored": 656
      },
      "trial": 2,
      "trials": 3,
      "cross_mode_metrics": {
        "mean_nll": 0.6790015581393366,
        "mean_brier": 0.24376832690517233,
        "mean_accuracy": 0.5447749335102611,
        "teams_scored": 139
      }
    },
    "trueskill": {
      "best_value": 0.6610165907457022,
      "objective_metric": "nll",
      "params": {
        "mu": 1000.0,
        "sigma": 587.1412972976559,
        "beta": 1757.2079967947998,
        "tau": 0.878287599809708,
        "draw_probability": 0.024287549977457856
      },
      "mode_metrics": {
        "nll": 0.6610165907457022,
        "brier": 0.23433980909272234,
        "accuracy": 0.5945121951219512,
        "games_scored": 656
      },
      "trial": 1,
      "trials": 3,
      "cross_mode_metrics": {
        "mean_nll": 0.6805213767577349,
        "mean_brier": 0.2438867470371941,
        "mean_accuracy": 0.5213483054452384,
        "teams_scored": 139
      }
    },
    "trueskill_mov": {
      "best_value": 0.6457043501756815,
      "objective_metric": "nll",
      "params": {
        "mu": 1000.0,
        "sigma": 770.0483629281493,
        "beta": 1953.223925092316,
        "tau": 4.874380629899171,
        "draw_probability": 0.0124182538756763
      },
      "mode_metrics": {
        "nll": 0.6457043501756815,
        "brier": 0.22787745272371834,
        "accuracy": 0.6036585365853658,
        "games_scored": 656
      },
      "trial": 1,
      "trials": 3,
      "cross_mode_metrics": {
        "mean_nll": 0.6875760272734707,
        "mean_brier": 0.2473237120496322,
        "mean_accuracy": 0.5379210874951125,
        "teams_scored": 139
      }
    },
    "bt_mov": {
      "best_value": 0.6634545837250703,
      "objective_metric": "nll",
      "params": {
        "initial_skill": 0.0,
        "alpha": 0.7814753817368669,
        "sigma_mov": 8.650824965153767,
        "lambda_mov": 0.022471844163200368,
        "lambda_skill": 0.00284091366173557,
        "iterations_per_update": 11,
        "lr_skill": 0.06651198263606564,
        "lr_alpha": 0.03724149965438307,
        "mov_sigma_scale": 0.07985065259046613,
        "huber_delta": 4.237930305279724,
        "center_mode": "mean",
        "robust_mov": true,
        "mov_min_reliable": 2.545410097356341,
        "mov_reliability_exp": 1.5474582660430567,
        "roster_balance_weight": 1.5985117108752593,
        "adaptive_reg": false,
        "display_center": 1000.0,
        "display_scale": 100.0
      },
      "mode_metrics": {
        "nll": 0.6634545837250703,
        "brier": 0.23425274973430787,
        "accuracy": 0.586890243902439,
        "games_scored": 656
      },
      "trial": 0,
      "trials": 3,
      "cross_mode_metrics": {
        "mean_nll": 0.6874287681307532,
        "mean_brier": 0.24839427560045713,
        "mean_accuracy": 0.5417410485093181,
        "teams_scored": 139
      }
    }
  }
}