{
  "mode": "chrono",
  "datetime": "2026-03-06T20:26:58.330022+00:00",
  "models": {
    "ttt": {
      "best_value": 0.7727966695633997,
      "objective_metric": "nll",
      "params": {
        "mu": 25.0,
        "sigma": 8.3333333333333,
        "beta": 5.574476214102242,
        "gamma": 0.09154488708583937,
        "p_draw": 0.06,
        "display_center": 1000.0,
        "display_spread": 200.0
      },
      "mode_metrics": {
        "nll": 0.7727966695633997,
        "brier": 0.2878007888548522,
        "accuracy": 0.3945480631276901,
        "games_scored": 697
      },
      "trial": 4,
      "trials": 5,
      "cross_mode_metrics": {
        "mean_nll": 0.732533839030385,
        "mean_brier": 0.26844771543921964,
        "mean_accuracy": 0.4408696650650456,
        "teams_scored": 139
      }
    }
  }
}