{
  "mode": "chrono",
  "datetime": "2025-12-07T02:05:26.325858+00:00",
  "models": {
    "elo": {
      "best_value": 0.6464013304335678,
      "objective_metric": "nll",
      "params": {
        "initial_elo": 1000.0,
        "K": 726.0678981832951,
        "tournament_multiplier": 1.3199534176819347
      },
      "mode_metrics": {
        "nll": 0.6464013304335678,
        "brier": 0.22821904895849374,
        "accuracy": 0.6062874251497006,
        "games_scored": 668
      },
      "trial": 1,
      "trials": 2,
      "cross_mode_metrics": {
        "mean_nll": 0.6798329900577587,
        "mean_brier": 0.24409131174340243,
        "mean_accuracy": 0.5383436349926316,
        "teams_scored": 139
      }
    }
  }
}