{
  "trial": 125,
  "value": 0.6438156874706207,
  "params": {
    "initial_elo": 1000.0,
    "K": 444.69932144054405,
    "tournament_multiplier": 1.996648645529247
  },
  "datetime": "2025-11-16T03:05:00.774563+00:00"
}