{
  "mode": "new_team",
  "datetime": "2026-03-28T20:37:53.679508+00:00",
  "models": {
    "bt_normal": {
      "best_value": 0.6814246219532696,
      "objective_metric": "mean_nll",
      "params": {
        "sigma": 1.1688266921457915,
        "default_rating_mean": 1000.0,
        "default_rating_spread": 200.0
      },
      "mode_metrics": {
        "mean_nll": 0.6814246219532696,
        "mean_brier": 0.24420305624221864,
        "mean_accuracy": 0.5305931783307777,
        "teams_scored": 139
      },
      "trial": 192,
      "trials": 200,
      "cross_mode_metrics": {
        "nll": 0.6579693939592761,
        "brier": 0.23290387915218194,
        "accuracy": 0.5982783357245337,
        "games_scored": 697
      }
    }
  }
}