{
  "mode": "new_team",
  "datetime": "2025-11-23T05:35:31.711611+00:00",
  "models": {
    "elo": {
      "best_value": 0.6759150815557995,
      "objective_metric": "mean_nll",
      "params": {
        "initial_elo": 1000.0,
        "K": 290.2320940472648,
        "tournament_multiplier": 1.7537959955459217
      },
      "mode_metrics": {
        "mean_nll": 0.6759150815557995,
        "mean_brier": 0.24187672800986107,
        "mean_accuracy": 0.539477433248732,
        "teams_scored": 139
      },
      "trial": 1,
      "trials": 3,
      "cross_mode_metrics": {
        "nll": 0.6467394422400906,
        "brier": 0.22811238284237456,
        "accuracy": 0.6082317073170732,
        "games_scored": 656
      }
    },
    "trueskill": {
      "best_value": 0.692351959298372,
      "objective_metric": "mean_nll",
      "params": {
        "mu": 1000.0,
        "sigma": 66.89123585985439,
        "beta": 1449.4093133932188,
        "tau": 7.854918616704017,
        "draw_probability": 0.22556129521319934
      },
      "mode_metrics": {
        "mean_nll": 0.692351959298372,
        "mean_brier": 0.24960580278480266,
        "mean_accuracy": 0.5061738852253809,
        "teams_scored": 139
      },
      "trial": 1,
      "trials": 3,
      "cross_mode_metrics": {
        "nll": 0.6942348772889658,
        "brier": 0.25053714413990896,
        "accuracy": 0.5579268292682927,
        "games_scored": 656
      }
    },
    "trueskill_mov": {
      "best_value": 0.6905730222073503,
      "objective_metric": "mean_nll",
      "params": {
        "mu": 1000.0,
        "sigma": 754.9018949387372,
        "beta": 1775.1736636501566,
        "tau": 8.585210059816044,
        "draw_probability": 0.2550194115218558
      },
      "mode_metrics": {
        "mean_nll": 0.6905730222073503,
        "mean_brier": 0.248704212650498,
        "mean_accuracy": 0.5382976693465145,
        "teams_scored": 139
      },
      "trial": 1,
      "trials": 3,
      "cross_mode_metrics": {
        "nll": 0.6475899940232694,
        "brier": 0.2287936707021117,
        "accuracy": 0.6067073170731707,
        "games_scored": 656
      }
    },
    "bt_mov": {
      "best_value": 0.6950533784705154,
      "objective_metric": "mean_nll",
      "params": {
        "initial_skill": 0.0,
        "alpha": 1.1338706652466186,
        "sigma_mov": 11.670276822826139,
        "lambda_mov": 0.0498652857767813,
        "lambda_skill": 0.0015833162002099536,
        "iterations_per_update": 21,
        "lr_skill": 0.03745950051921455,
        "lr_alpha": 0.03638560346762064,
        "mov_sigma_scale": 0.0893707162424904,
        "huber_delta": 3.610964228873675,
        "center_mode": "mean",
        "robust_mov": true,
        "mov_min_reliable": 3.7133194490221713,
        "mov_reliability_exp": 0.8840741960072378,
        "roster_balance_weight": 1.6911520623521223,
        "adaptive_reg": true,
        "display_center": 1000.0,
        "display_scale": 100.0
      },
      "mode_metrics": {
        "mean_nll": 0.6950533784705154,
        "mean_brier": 0.2513657761369551,
        "mean_accuracy": 0.5418669218366303,
        "teams_scored": 139
      },
      "trial": 1,
      "trials": 3,
      "cross_mode_metrics": {
        "nll": 0.6711220796455386,
        "brier": 0.2366113756118948,
        "accuracy": 0.5899390243902439,
        "games_scored": 656
      }
    }
  }
}