{
  "mode": "new_team",
  "datetime": "2025-12-07T05:13:05.132011+00:00",
  "models": {
    "bt_mov_time_decay": {
      "best_value": 0.6698412207543772,
      "objective_metric": "mean_nll",
      "params": {
        "lambda_reg": 0.04070413082944516,
        "nu": 0.008753553317575144,
        "decay_base": 0.9628070005883128
      },
      "mode_metrics": {
        "mean_nll": 0.6698412207543772,
        "mean_brier": 0.23935544498107164,
        "mean_accuracy": 0.5643761220058078,
        "teams_scored": 139
      },
      "trial": 137,
      "trials": 200,
      "cross_mode_metrics": {
        "nll": 0.6433815549771617,
        "brier": 0.2247598170682977,
        "accuracy": 0.6407185628742516,
        "games_scored": 668
      }
    }
  }
}