{
  "trial": 72,
  "value": 0.644418895171786,
  "params": {
    "mu": 1000.0,
    "sigma": 1022.3559265294333,
    "beta": 1998.7523905812513,
    "tau": 1.2792792884836892,
    "draw_probability": 0.4866406322511604
  },
  "datetime": "2025-11-16T03:04:03.512657+00:00"
}