{
  "trial": 63,
  "value": 0.6443787757836447,
  "params": {
    "mu": 1000.0,
    "sigma": 574.6282222483896,
    "beta": 1998.695701537158,
    "tau": 9.564628243348192,
    "draw_probability": 0.33330145064616584
  },
  "datetime": "2025-11-16T02:33:19.429254+00:00"
}