{
  "params": {
    "sigma": 203.63022376622064,
    "beta": 520.4778393453421,
    "tau": 3.370953880804879,
    "draw": 0.0808973004290519
  },
  "value": 0.6512070669200609,
  "number": 21
}