{
  "params": {
    "K": 496.50319163062494,
    "tournament_multiplier": 1.3291294744255382
  },
  "value": 0.630902846659636,
  "number": 21
}