{
  "params": {
    "sigma": 1599.1390385051475,
    "beta": 1199.9805999482428
  },
  "value": 0.664225350333029,
  "number": 172
}