{
  "params": {
    "sigma": 449.9351910736556,
    "beta": 299.9757087241695
  },
  "value": 0.6821744331303363,
  "number": 144
}