{
  "params": {
    "sigma": 448.6037617384243,
    "beta": 298.97657864102376
  },
  "value": 0.7068203913123355,
  "number": 32
}