{
  "params": {
    "sigma": 449.9351910736556,
    "beta": 299.8067853940614
  },
  "value": 0.7038982366790411,
  "number": 144
}