{
  "params": {
    "sigma": 203.63022376622064,
    "beta": 232.76476591167986,
    "tau": 3.370953880804879,
    "draw": 0.0808973004290519
  },
  "value": 0.663145158519792,
  "number": 21
}