{
  "params": {
    "K": 453.25752252359587,
    "tournament_multiplier": 1.7185852196908644
  },
  "value": 0.6431307802678707,
  "number": 191
}