{
  "calc_best": {
    "mu": 1000.0,
    "sigma": 203.63022376622064,
    "beta": 232.76476591167986,
    "tau": 3.370953880804879,
    "draw": 0.0808973004290519
  },
  "mov_best": {
    "mu": 1000.0,
    "sigma": 203.63022376622064,
    "beta": 520.4778393453421,
    "tau": 3.370953880804879,
    "draw": 0.0808973004290519
  },
  "results": {
    "calc_on_calc": {
      "avg_logloss": 0.663145158519792,
      "games": 644
    },
    "mov_on_mov": {
      "avg_logloss": 0.6511285526964995,
      "games": 644
    },
    "calc_on_mov": {
      "avg_logloss": 0.6554363925338964,
      "games": 644
    },
    "mov_on_calc": {
      "avg_logloss": 0.6918804342779878,
      "games": 644
    }
  }
}