sigma,beta,avg_logloss,games_evaluated
250.0,100.0,0.7541253339802431,434
250.0,140.0,0.7472440081500076,434
250.0,180.0,0.7404331102242158,434
300.0,100.0,0.740180293651072,434
300.0,140.0,0.7359549042035243,434
300.0,180.0,0.7314381318243206,434
350.0,100.0,0.7299821354804802,434
350.0,140.0,0.7271529773958293,434
350.0,180.0,0.7239791642304786,434
